{
  "nav": {
    "home": "Domov",
    "aboutUs": "O nas",
    "careers": "Kariera",
    "insights": "Vpogledi",
    "apply": "Prijava",
    "viewPositions": "Poglej pozicije",
    "joinTeam": "Pridruži se ekipi"
  },
  "home": {
    "hero": {
      "title": "Zgradi svojo kariero z Win Win",
      "subtitle": "Sales Team",
      "description": "Smo prodajno podjetje, usmerjeno k doseganju rezultatov, ki je specializirano za prodajo telekomnikacijskih rešitev za b2c in b2b preko prodaje na terenu, klicnega centra in preko direktnih promocij na strateških lokacijah z višjimi provizijami kot ostali ponudniki.",
      "joinTeam": "Pridruži se ekipi",
      "viewPositions": "Poglej odprte pozicije"
    },
    "about": {
      "title": "Kdo smo",
      "description": "Win Win d.o.o. je ekipa izkušenih prodajnih vodij in strokovnjakov, ki se specializira za neposredno trženje in dolgoročne odnose s strankami. Delujemo z več lokacij po Sloveniji in gradimo okolje, kjer se nagrajujejo strokovnost, trud, disciplina in vztrajnost.",
      "stats": {
        "deals": "Zaključenih poslov",
        "locations": "Lokacije",
        "team": "Članov ekipe",
        "experience": "Let izkušenj"
      }
    },
    "services": {
      "title": "Naše storitve",
      "description": "Celovite prodajne rešitve in podporni sistemi, ki prinašajo rezultate",
      "b2cField": "NAŠE STORITVE",
      "internalSupport": "Interne podporne storitve",
      "marketFocus": "Tržna usmeritev",
      "core": {
        "promotions": {
          "title": "B2C Terenska Prodaja",
          "description": "Promocijske aktivnosti na licu mesta z neposrednim angažiranjem strank na prometnih trgovskih lokacijah po Sloveniji, podprte z vnaprej pripravljenim terenom ter ciljno usmerjenimi promocijami v trgovskih centrih, na sejmih in drugih aktualnih dogodkovnih lokacijah."
        },
        "callCenter": {
          "title": "Klicni Center",
          "description": "Profesionalna odhodna telefonska prodaja za generiranje vročih marketing leadov, podprta s strukturiranimi prodajnimi skriptami, KPI-usmerjeno uspešnostjo in CRM-osnovanim upravljanjem strank."
        },
        "b2b": {
          "title": "B2B Profesionalna Prodaja",
          "description": "Telekomunikacije in napredne IKT storitve, ki podjetjem omogočajo učinkovite in merljive B2B prodajne rešitve, zanesljive korporativne telekomunikacijske sisteme ter celovite profesionalne podporne in svetovalne storitve."
        }
      },
      "support": {
        "training": {
          "title": "Prodajno usposabljanje in coaching",
          "description": "Mesečni programi, mentorstvo, simulacije vlog in delavnice za razvoj veščin."
        },
        "teamDevelopment": {
          "title": "Razvoj ekipe",
          "description": "14-dnevno uvajanje, selekcijski programi, izboljšanje uspešnosti in načrtovanje karierne poti."
        },
        "leadership": {
          "title": "Vodenje in management",
          "description": "Spremljanje KPI-jev, nadzor uspešnosti, optimizacija procesov in coaching za voditelje ekip."
        },
        "crm": {
          "title": "CRM in optimizacija procesov",
          "description": "Sodobni CRM sistemi, optimizacija skriptov, upravljanje z zadevami in strukturirani dnevni cilji."
        }
      },
      "market": {
        "b2c": {
          "title": "B2C tržna specializacija",
          "description": "Primarni fokus na stanovanjske stranke, gospodinjstva in posamezne končne uporabnike."
        },
        "b2b": {
          "title": "B2B Prodaja",
          "description": "Sekundarni fokus na poslovne telekomunikacijske rešitve in ponudbe povezane z IKT."
        }
      }
    },
    "benefits": {
      "title": "Zakaj izbrati Win Win",
      "description": "Zagotavljamo vse, kar potrebujete za uspešno kariero v prodaji",
      "items": {
        "training": {
          "title": "Mesečno usposabljanje in mentorstvo",
          "description": "Nenehno coaching in razvoj veščin s strani izkušenih prodajnih strokovnjakov"
        },
        "career": {
          "title": "Jasne karierne poti",
          "description": "Strukturiran napredek od prodajnega svetovalca do voditelja ekipe in naprej"
        },
        "earning": {
          "title": "Visok potencial zaslužka",
          "description": "Konkurenčna osnovna plača plus provizijska struktura, odvisna od uspešnosti"
        },
        "tools": {
          "title": "Moderna orodja in skripti",
          "description": "Dostop do preverjenih prodajnih skriptov, CRM sistemov in kvalificiranih potencialnih strank"
        },
        "locations": {
          "title": "Več lokacij",
          "description": "Pisarne v Trzinu in Kranju z operacijami na terenu po vsej državi"
        },
        "performance": {
          "title": "Usmerjenost k rezultatom",
          "description": "Jasni KPI-ji in transparentne metrike za spremljanje vašega uspeha"
        }
      }
    },
    "joinSection": {
      "title": "Pridruži se vodilni prodajni ekipi v Sloveniji",
      "description": "Gradimo najbolj učinkovito in spoštovano prodajno organizacijo v Sloveniji. Naši člani ekipe uživajo v vodilnem industrijskem usposabljanju, konkurenčnih plačilih in kulturi, ki praznuje uspeh.",
      "startJourney": "Začni svojo pot",
      "learnMore": "Več o nas"
    },
    "partners": {
      "title": "Naši zaupanja vredni partnerji"
    },
    "cta": {
      "title": "Pripravljen začeti svojo prodajno kariero?",
      "description": "Pridruži se ekipi predanih strokovnjakov, ki so zavezani odličnosti, rasti in rezultatom. Iščemo motivirane posameznike, pripravljene dvigniti svojo kariero na novo raven.",
      "explore": "Razišči priložnosti",
      "learnMore": "Več o nas"
    },
    "process": {
      "title": "Naš proces",
      "description": "Preprosta, transparentna pot do pridružitve naši ekipi",
      "steps": {
        "apply": {
          "title": "Prijava online",
          "desc": "Oddaj svojo prijavo preko našega portala"
        },
        "interview": {
          "title": "Razgovor",
          "desc": "Srečaj se z našo ekipo in razpravljaj o priložnostih"
        },
        "selection": {
          "title": "Selekcijski program",
          "desc": "14-dnevno obdobje usposabljanja in evalvacije"
        },
        "start": {
          "title": "Začni delati",
          "desc": "Podpiši pogodbo in začni svojo kariero"
        }
      },
      "startApplication": "Začni svojo prijavo"
    },
    "app": {
      "title": "Prijavi se na poti",
      "description": "Spremljaj svojo prijavo, prejemaj takojšnje posodobitve in ostani povezan z našo mobilno aplikacijo",
      "comingSoon": "Kmalu na voljo"
    },
    "faq": {
      "title": "Pogosto zastavljena <span class=\"text-red-500\">vprašanja</span>",
      "description": "Vse, kar moraš vedeti o pridružitvi Win Win",
      "stillQuestions": "Še vedno imaš vprašanja?",
      "getInTouch": "Kontaktiraj nas",
      "items": {
        "experience": {
          "q": "Ali potrebujem prejšnje prodajne izkušnje?",
          "a": "Ne. Prejšnje prodajne izkušnje so prednost, vendar niso obvezne. Zagotavljamo strukturirano uvajanje, skripte in nenehni coaching. Najpomembnejši sta motivacija, disciplina in pripravljenost za učenje."
        },
        "type": {
          "q": "Kakšne vrste prodaje bom opravljal?",
          "a": "Delal boš v B2C prodaji, bodisi terenski prodaji od vrat do vrat ali prodaji v klicnem centru. Prodajal boš telekomunikacijske storitve, vključno s pogodbami za internet, TV in mobilne storitve za končne stranke."
        },
        "employment": {
          "q": "Ali gre za redno zaposlitev ali delo preko avtorske pogodbe?",
          "a": "Možni sta obe možnosti. Odvisno od tvojega profila in dogovora lahko delaš kot redno zaposlen ali kot samostojni podjetnik (s.p. / sodelovanje s podjetjem)."
        },
        "hours": {
          "q": "Kakšni so delovni časi?",
          "a": "Delovni časi so strukturirani in jasno določeni. Urniki za teren in klicni center so organizirani tako, da podpirajo produktivnost in ravnovesje med delom in zasebnim življenjem. Specifični urniki se razpravljajo med razgovorom."
        },
        "payment": {
          "q": "Kako deluje plačilo?",
          "a": "Prejmeš osnovno plačo ali urno postavko plus provizijo, odvisno od uspešnosti. Tvoj zaslužek je neposredno odvisen od tvojih rezultatov. Visoko uspešni posamezniki lahko dosežejo nadpovprečen mesečni dohodek."
        },
        "advancement": {
          "q": "Kako hitro lahko napredujem znotraj podjetja?",
          "a": "Napredovanje v karieri je odvisno od uspešnosti. Uspešni prodajni svetovalci lahko napredujejo v višje prodajne svetovalce, voditelje prodajnih ekip ali prodajne managerje. Aktivno promovuramo od znotraj."
        },
        "training": {
          "q": "Ali zagotavljate usposabljanje in podporo?",
          "a": "Da. Prejmeš strukturirano uvajanje, prodajne skripte in CRM orodja, mesečno coaching in mentorstvo ter redna prodajna usposabljanja in povratne informacije. Nikoli nisi prepuščen sam sebi."
        },
        "locations": {
          "q": "Kje so vaše pisarne?",
          "a": "Delujemo iz pisarn v Trzinu in Kranju. Terenska prodaja pokriva vso Slovenijo."
        },
        "remote": {
          "q": "Ali je možno delo od doma?",
          "a": "Za izkušene kandidate in vodstvene pozicije je lahko delo od doma ali hibridno delo možno. To se ocenjuje individualno."
        },
        "selection": {
          "q": "Kakšen je selekcijski proces?",
          "a": "Proces vključuje: online prijavo, osebni razgovor in prodajno simulacijo, 14-dnevni selekcijski in uvajalni program ter podpis pogodbe in dolgoročno sodelovanje."
        },
        "profile": {
          "q": "Kakšne ljudi iščete?",
          "a": "Iščemo ljudi, ki so po naravi konkurenčni, usmerjeni k ciljem, pozitivni in disciplinirani, motivirani za profesionalno in finančno rast ter pripravljeni prevzeti odgovornost za svoj uspeh."
        },
        "different": {
          "q": "Kaj naredi Win Win drugačen od drugih prodajnih podjetij?",
          "a": "Združujemo jasno strukturo, pošteno komunikacijo, močno coaching kulturo, dolgoročne karierne priložnosti in rezultatno usmerjeno, a podporno okolje. Pri Win Win uspeh ni sreča — je sistem."
        }
      }
    },
    "blog": {
      "title": "Z našega bloga",
      "subtitle": "Najnovejši vpogledi",
      "description": "Prodajne strategije, karierni nasveti in zgodbe iz Win Win ekipe",
      "viewAll": "Poglej vse članke",
      "noArticles": "Članki še niso na voljo. Preverite kmalu!"
    }
  },
  "about": {
    "hero": {
      "title": "O Win Win",
      "description": "Smo ekipa, ki živi prodajo. Win Win d.o.o. je bil zgrajen na prepričanju, da se lahko prodaja izvaja drugače — pošteno, etično in z dolgoročnim razmišljanjem."
    },
    "vision": {
      "title": "Naša vizija",
      "description": "Postati najbolj učinkovito in spoštovano prodajno podjetje v Sloveniji, znano po naši integriteti, rezultatih in zavezanosti tako strankam kot članom ekipe."
    },
    "mission": {
      "title": "Naša misija",
      "description": "Zagotavljati več vrednosti strankam, kot pričakujejo, skozi zaupanje, strukturo in vrhunsko prodajno strokovnost. Gradimo dolgoročne odnose, ki koristijo vsem vključenim."
    },
    "values": {
      "title": "Naše temeljne vrednote",
      "description": "Ti principi vodijo vse, kar počnemo, in določajo, kdo smo kot podjetje",
      "items": {
        "integrity": {
          "title": "Integriteta in poštenost",
          "description": "Gradimo zaupanje skozi transparentno komunikacijo in etične poslovne prakse"
        },
        "reliability": {
          "title": "Zanesljivost",
          "description": "Naše stranke in člani ekipe se lahko zanašajo na nas pri izpolnjevanju naših zavez"
        },
        "communication": {
          "title": "Profesionalna komunikacija",
          "description": "Jasna, spoštljiva in učinkovita komunikacija v vsaki interakciji"
        },
        "performance": {
          "title": "Uspešnost in rast",
          "description": "Nenehno izboljševanje in merljivi rezultati poganjajo naš uspeh"
        },
        "support": {
          "title": "Ekipna podpora",
          "description": "Skupaj uspemo skozi sodelovanje in medsebojno podporo"
        },
        "excellence": {
          "title": "Odličnost",
          "description": "Stremimo k najvišjim standardom v vsem, kar počnemo"
        }
      }
    },
    "culture": {
      "title": "Podjetniška kultura",
      "description": "Zgradili smo okolje, kjer lahko nadarjeni strokovnjaki uspevajo",
      "items": [
        "Rezultatno usmerjen način razmišljanja z jasnimi KPI-ji",
        "Ekipno sodelovanje in deljenje znanja",
        "Nenehno učenje in razvoj veščin",
        "Programi coachinga in mentorstva",
        "Priznanje in nagrade za odličnost",
        "Ravnovesje med delom in zasebnim življenjem ter fleksibilnost"
      ]
    },
    "team": {
      "title": "Naša ekipa",
      "description": "Delujemo z več lokacij po Sloveniji z rastočo ekipo predanih prodajnih strokovnjakov",
      "stats": {
        "members": "Aktivnih članov ekipe",
        "field": "Terenska prodaja",
        "callCenter": "Podpora",
        "locations": "Več lokacij"
      },
      "fieldText": "Teren",
      "callCenterText": "Klicni center",
      "locationsText": "Trzin, Kranj in teren"
    }
  },
  "jobs": {
    "title": "Odprte pozicije",
    "description": "Pridruži se naši ekipi visoko uspešnih prodajnih strokovnjakov. Nudimo konkurenčno plačilo, celovito usposabljanje in jasno napredovanje v karieri.",
    "viewDetails": "Poglej podrobnosti",
    "applyNow": "Prijavi se zdaj",
    "loading": "Nalaganje pozicij...",
    "noJobs": "Trenutno ni odprtih pozicij. Preverite kmalu!",
    "noPosition": "Ne vidiš prave pozicije?",
    "noPositionDesc": "Vedno iščemo nadarjene prodajne strokovnjake. Pošlji nam svojo prijavo in te bomo imeli v mislih za prihodnje priložnosti.",
    "submitGeneral": "Oddaj splošno prijavo",
    "backToAll": "Nazaj na vse pozicije",
    "fullTime": "Polni delovni čas",
    "applyForPosition": "Prijavi se za to pozicijo",
    "responsibilities": "Glavne odgovornosti",
    "whatWeOffer": "Kaj ponujamo",
    "requirements": "Kaj pričakujemo",
    "readyToApply": "Pripravljen za",
    "apply": "prijavo?",
    "applyDescription": "Naredi prvi korak k gradnji svoje kariere z Win Win. Oddaj svojo prijavo še danes in pridruži se naši ekipi visoko uspešnih prodajnih strokovnjakov.",
    "filters": {
      "all": "Vse pozicije",
      "location": "Lokacija",
      "type": "Tip"
    },
    "detail": {
      "overview": "Pregled",
      "responsibilities": "Odgovornosti",
      "requirements": "Zahteve",
      "benefits": "Ugodnosti",
      "location": "Lokacija",
      "type": "Tip",
      "salary": "Plača",
      "backToJobs": "Nazaj na pozicije",
      "apply": "Prijavi se za to pozicijo"
    }
  },
  "insights": {
    "title": "Vpogledi iz sveta prodaje",
    "subtitle": "Središče znanja",
    "description": "Prodajne strategije, kultura ekipe, karierna rast in resnične zgodbe iz Win Win ekipe.",
    "readMore": "Preberi več",
    "loading": "Nalaganje člankov...",
    "loadingText": "Nalaganje člankov...",
    "noArticles": "Članki še niso na voljo. Preverite kmalu!",
    "latest": "Najnovejši vpogledi",
    "backToInsights": "Nazaj na vpoglede",
    "shareArticle": "Deli članek",
    "error": {
      "title": "Ni mogoče naložiti vsebine",
      "retry": "Poskusi znova",
      "loadFailed": "Ni mogoče naložiti člankov"
    }
  },
  "apply": {
    "title": "Prijavi se v Win Win",
    "description": "Naredi prvi korak k gradnji svoje prodajne kariere. Izpolni spodnji obrazec in odgovorili ti bomo v 24 urah.",
    "form": {
      "firstName": "Ime",
      "firstNamePlaceholder": "Janez",
      "lastName": "Priimek",
      "lastNamePlaceholder": "Novak",
      "email": "E-poštni naslov",
      "emailPlaceholder": "janez.novak@primer.si",
      "phone": "Telefonska številka",
      "phonePlaceholder": "+386 31 234 567",
      "preferredTime": "Željen čas razgovora",
      "preferredTimePlaceholder": "npr. Dopoldne med tednom, Popoldne",
      "message": "Dodatno sporočilo",
      "messagePlaceholder": "Povej nam o sebi, svojih izkušnjah in zakaj se želiš pridružiti Win Win...",
      "resume": "CV / življenjepis (PDF, max 5MB)",
      "uploadResume": "Klikni za nalaganje življenjepisa",
      "uploadInfo": "Samo PDF, max 5MB",
      "gdprConsent": "Strinjam se z obdelavo mojih osebnih podatkov v skladu s Politiko zasebnosti in Politiko piškotkov.",
      "privacyPolicy": "Politiko zasebnosti",
      "cookiePolicy": "Politiko piškotkov",
      "submit": "Oddaj prijavo",
      "submitting": "Oddajanje...",
      "uploadingResume": "Nalaganje CV...",
      "success": "Prijava oddana!",
      "successMessage": "Hvala za tvoje zanimanje za pridružitev Win Win. Prejeli smo tvojo prijavo in te bomo kontaktirali v 24 urah na",
      "error": "Prišlo je do napake. Poskusi ponovno."
    },
    "contact": {
      "prefer": "Raje razporeš razgovor direktno? Kontaktiraj nas na",
      "or": "ali pokliči"
    },
    "process": {
      "title": "Kaj sledi?",
      "step1": {
        "title": "Pregledamo",
        "desc": "Tvojo prijavo pregleda naša ekipa za zaposlovanje"
      },
      "step2": {
        "title": "Kontaktiramo",
        "desc": "Odgovorili ti bomo v 24 urah za dogovor razgovora"
      },
      "step3": {
        "title": "Začneš",
        "desc": "Pridruži se našemu selekcijskemu programu in začni svojo kariero"
      }
    }
  },
  "footer": {
    "description": "Gradimo kariere v prodaji. Smo prodajno podjetje, usmerjeno k doseganju rezultatov, ki se specializira za B2C terensko prodajo in telekomunikacije.",
    "company": "Podjetje",
    "legal": "Pravno",
    "contact": "Kontakt",
    "links": {
      "aboutUs": "O nas",
      "careers": "Kariera",
      "contact": "Kontakt",
      "privacy": "Politika zasebnosti",
      "cookies": "Politika piškotkov",
      "terms": "Pogoji uporabe"
    },
    "address": "Trzin, Kranj, Slovenija",
    "rights": "Vse pravice pridržane."
  },
  "common": {
    "readTime": "min branja",
    "loading": "Nalaganje...",
    "error": "Napaka",
    "back": "Nazaj",
    "next": "Naprej",
    "submit": "Oddaj",
    "cancel": "Prekliči",
    "save": "Shrani",
    "edit": "Uredi",
    "delete": "Izbriši",
    "search": "Iskanje",
    "filter": "Filter",
    "sort": "Razvrsti",
    "close": "Zapri"
  },
  "seo": {
    "home": {
      "title": "Služba v prodaji v Sloveniji - Pridruži se Win Win Sales Team",
      "content": "<p><strong>Win Win Sales Team – Vaša priložnost za uspešno kariero v prodaji v Sloveniji</strong></p><p>Iščete službo v prodaji v Ljubljani, Mariboru ali drugih mestih po Sloveniji? Win Win Sales Team je vodilno slovensko podjetje za neposredno prodajo, ki ponuja izjemne možnosti za zaposlitev v prodaji, razvoj kariere in osebno rast. Naša prodajna ekipa deluje na območju celotne Slovenije in ponuja konkurenčne pogoje zaposlitve za vse, ki želijo graditi uspešno kariero v prodaji.</p><p><strong>Zaposlitev v prodaji – najboljše priložnosti za delo v Sloveniji</strong></p><p>Zaposlitev v prodajni ekipi Win Win pomeni več kot le službo – pomeni vstop v dinamično okolje, kjer se cenijo rezultati, vztrajnost in ambicioznost. Nudimo službe v prodaji za začetnike brez izkušenj, kot tudi za izkušene prodajne strokovnjake, ki želijo napredovati v vodstvene pozicije. Naše prodajno podjetje deluje v različnih segmentih: neposredna prodaja na terenu (B2C prodaja), prodaja v klicnem centru, telekomunikacijske storitve ter B2B poslovna prodaja.</p><p>Če iščete zaposlitev v Ljubljani, Mariboru, Celju, Kranju ali katerem koli drugem mestu v Sloveniji, smo prava izbira. Win Win Sales Team zaposluje prodajnike, vodje ekip, team leaderje, managerje prodaje in druge prodajne strokovnjake na različnih lokacijah po Sloveniji. Naše pisarne se nahajajo v največjih slovenskih mestih, kar omogoča zaposlitev blizu vašega doma.</p><p><strong>Služba prodajalca – priložnosti za vse generacije</strong></p><p>Služba prodajalca pri Win Win je primerna za študente, ki iščejo študentsko delo v prodaji, za mlade brez delovnih izkušenj, ki želijo pridobiti izkušnje v prodaji, kot tudi za izkušene prodajne strokovnjake, ki želijo nadgraditi svoje znanje in zaslužek. Nudimo fleksibilne oblike zaposlitve: polni delovni čas, skrajšani delovni čas, študentsko delo ter možnost dela od doma za nekatere pozicije v klicnem centru.</p><p>Zaposlitev kot prodajalec pri Win Win Sales Team vam omogoča visok zaslužek, ki je odvisen od vaših rezultatov. Naš provizijski sistem nagrajevanja pomeni, da več kot prodajate, več zaslužite. Najboljši prodajniki v naši ekipi dosegajo mesečne zaslužke, ki presegajo slovensko povprečje, kar dokazuje, da je služba v prodaji lahko izjemno dobičkonosna za tiste, ki so pripravljeni vložiti trud in energijo.</p><p><strong>Kariera v prodaji – od prodajalca do managerja</strong></p><p>Win Win Sales Team ponuja jasno kariero pot za vse zaposlene v prodaji. Začnete lahko kot prodajni svetovalec na terenu ali v klicnem centru, nato pa napredujete v vodjo prodajne ekipe, team leaderja, managerja prodaje ali celo regionalnega direktorja. Naše podjetje aktivno vlaga v izobraževanje in usposabljanje zaposlenih, kar pomeni, da boste pri nas pridobili prodajna znanja, veščine komunikacije, tehnike prodaje, pogajalske spretnosti in vodstvene kompetence.</p><p>Redna prodajna izobraževanja, delavnice, seminarji in coaching seje so del naše kulture razvoja zaposlenih. Zaposleni v Win Win Sales Team imajo možnost osvojiti certifikate s področja prodaje, telekomunikacij, vodenja in managementa, kar krepi njihovo konkurenčnost na trgu dela.</p><p><strong>Prodajna ekipa Win Win – kultura uspešnosti in timskega dela</strong></p><p>Naša prodajna ekipa je sestavljena iz ambicioznih posameznikov, ki delijo skupne vrednote: vztrajnost, poštenost, rezultate in timski duh. Delujemo v dinamičnem in motivirajočem okolju, kjer se vsak uspeh praznuje, vsaka prodaja šteje in vsak član ekipe prispeva k skupnemu cilju. Win Win Sales Team organizira redna teambuildinge, motivacijske dogodke, nagrade za najboljše prodajnike in letna srečanja, kjer praznujemo skupne uspehe.</p><p>Služba v prodajni ekipi Win Win ni le zaposlitev – je življenjski slog, priložnost za osebnostno rast, finančno neodvisnost in dolgoročno kariero v enem najhitreje rastočih sektorjev v Sloveniji.</p><p><strong>Službe v klicnem centru – delo od doma in v pisarni</strong></p><p>Win Win Sales Team zaposluje tudi prodajnike v klicnem centru, kjer opravljajo odhodne klice strankam po Sloveniji. Služba v klicnem centru je primerna za vse, ki radi komunicirajo po telefonu, imajo dobre govorske sposobnosti in so usmerjeni k rezultatom. Ponujamo možnost dela v pisarni kot tudi delo od doma za izkušene zaposlene v klicnem centru.</p><p>Zaposlitev v call centru Win Win vključuje urejeno delovno okolje, sodobno CRM programsko opremo, prodajne skripte, redna izobraževanja, fiksno plačo in provizije od prodaje. Najboljši klicni operaterji dosegajo visoke zaslužke in imajo možnost napredovanja v supervizorje klicnega centra ali vodje prodajne ekipe.</p><p><strong>Telekomunikacije in prodaja mobilnih storitev v Sloveniji</strong></p><p>Win Win Sales Team je specialist za prodajo telekomunikacijskih storitev v Sloveniji. Sodelujemo z največjimi telekom operaterji in ponujamo prodajo mobilnih paketov, internetnih povezav, poslovnih telekom rešitev ter dodatnih storitev. Naši prodajniki delujejo v nakupovalnih centrih, na promocijskih dogodkih, na terenu ter v klicnem centru.</p><p>Če vas zanima zaposlitev v telekomunikacijah, smo prava izbira. Ponujamo temeljito usposabljanje s področja telekom storitev, tehnično podporo, prodajne materiale in visoke provizije za vsako sklenjeno pogodbo. Prodaja mobilnih storitev je eden najbolj dinamičnih segmentov našega poslovanja in ponuja odlične zaslužke za uspešne prodajnike.</p><p><strong>Promocije v nakupovalnih centrih – neposredna prodaja strankam</strong></p><p>Ena od naših ključnih dejavnosti je organizacija promocij v nakupovalnih centrih po Sloveniji. Naši promotorji in prodajniki delujejo v največjih nakupovalnih središčih kot so BTC Ljubljana, City Park Ljubljana, Europark Maribor, Supernova Celje in drugi. Služba promotorja vključuje neposreden stik s strankami, predstavitev telekom ponudb, svetovanje strankam in sklepanje pogodb.</p><p>Delo v nakupovalnem centru je dinamično, družabno in primerno za vse, ki uživajo v komunikaciji z ljudmi. Zaposleni na promocijah imajo fleksibilne delovne urnike, možnost dela ob vikendih za višje provizije in priložnost za hiter zaslužek.</p><p><strong>B2B prodaja – poslovna prodaja za izkušene strokovnjake</strong></p><p>Win Win Sales Team se ukvarja tudi s poslovno prodajo (B2B), kjer naši prodajni svetovalci sodelujejo s slovenskimi podjetji, ponujajo telekom rešitve za podjetja, poslovne pakete, korporativne storitve in večje poslovne projekte. Služba v B2B prodaji zahteva izkušnje, profesionalen nastop, pogajalske sposobnosti in razumevanje poslovnih procesov.</p><p>Če ste izkušen prodajnik in iščete izziv v poslovni prodaji, vas vabimo k prijavi. B2B pozicije pri Win Win nudijo visoke provizije, dostop do večjih projektov, možnost gradnje dolgoročnih poslovnih odnosov in napredovanje v vodstvene pozicije.</p><p><strong>Študentsko delo v prodaji – prva zaposlitev za študente</strong></p><p>Win Win Sales Team redno zaposluje študente, ki želijo ob študiju opravljati študentsko delo v prodaji. Služba za študente vključuje fleksibilne urnike, delo v popoldanskem času ali ob vikendih, možnost dela v nakupovalnih centrih ali klicnem centru ter privabljive zaslužke. Študenti pri nas pridobijo dragocene delovne izkušnje, razvijejo komunikacijske veščine in spoznajo svet prodaje.</p><p>Za študente, ki izkažejo dobre rezultate, ponujamo možnost zaposlitve po končanem študiju, napredovanje v vodstvene pozicije in dolgoročno kariero v našem podjetju. Študentsko delo pri Win Win je odlična popotnica za uspešno kariero v prodaji ali marketingu.</p><p><strong>Služba brez izkušenj – dobrodošli so vsi začetniki</strong></p><p>Pri Win Win Sales Team verjamemo, da lahko vsak uspe v prodaji, če ima pravo miselnost, motivacijo in voljo do dela. Zato ponujamo službe v prodaji brez predhodnih izkušenj. Zagotavljamo celovito usposabljanje za vse nove zaposlene, kjer se naučite prodajnih tehnik, pristopov do strank, uporabe CRM orodij, telefonske prodaje in dela na terenu.</p><p>Zaposlitev brez izkušenj pri Win Win je priložnost za vstop v svet prodaje, kjer lahko gradite kariero od temeljev. Naši trenerji in mentorji vas bodo vodili skozi prve tedne in mesece dela ter vam pomagali razviti potrebne veščine za uspeh v prodaji.</p><p><strong>Visoki zaslužki v prodaji – koliko lahko zaslužite?</strong></p><p>Win Win Sales Team ponuja enega najboljših sistemov plačevanja v prodajni branži v Sloveniji. Naš provizijski sistem omogoča, da najboljši prodajniki dosegajo mesečne dohodke od 1.500 EUR do preko 3.000 EUR neto, odvisno od rezultatov. Poleg provizij nudimo tudi bonuse, nagrade za dosežene cilje, tekmovanja z nagradami ter redna motivacijska priznanja.</p><p>Visoki zaslužki v prodaji niso dostopni le izbrancem – vsak, ki je pripravljen trdo delati, biti vztrajen in slediti prodajnim procesom, lahko doseže nadpovprečne zaslužke pri Win Win Sales Team. Naše podjetje transparentno nagrajuje rezultate in zagotavlja, da so najboljši prodajniki finančno najbolj nagrajena.</p><p><strong>Lokacije zaposlitev po Sloveniji – kjer želite delati</strong></p><p>Win Win Sales Team ima pisarne in operativne točke v vseh največjih slovenskih mestih in regijah: Ljubljana, Maribor, Celje, Kranj, Koper, Novo Mesto, Velenje, Nova Gorica, Murska Sobota, Ptuj in druga mesta. To pomeni, da lahko najdete službo v prodaji blizu svojega doma ali pa se prijavite za delo v drugih regijah Slovenije.</p><p>Naše prodajne ekipe delujejo tudi v manjših mestih in krajih, kjer organiziramo promocijske dogodke, terensko prodajo in klicno prodajo. Ne glede na to, kje v Sloveniji živite, ima Win Win Sales Team verjetno priložnost za vas.</p><p><strong>Kako se prijaviti na službo pri Win Win Sales Team?</strong></p><p>Prijava na prosto delovno mesto pri Win Win Sales Team je hitra in preprosta. Obiščite našo spletno stran, izberite pozicijo, ki vas zanima (prodajalec na terenu, klicni operater, team leader, B2B svetovalec itd.) in izpolnite prijavni obrazec. Priložite kratek življenjepis in motivacijsko pismo ter odgovorite na nekaj osnovnih vprašanj.</p><p>Naš HR oddelek bo pregledal vašo prijavo in vas v primeru ustreznosti povabil na razgovor. Razgovor poteka v sproščenem vzdušju, kjer boste spoznali našo ekipo, organizacijo dela in možnosti razvoja kariere. Po uspešnem razgovoru sledi krajše usposabljanje in nato začetek dela v prodajni ekipi.</p><p><strong>Zaključek – Vaša prihodnost v prodaji se začne tukaj</strong></p><p>Win Win Sales Team je pravo podjetje za vse, ki želijo graditi uspešno kariero v prodaji v Sloveniji. Ne glede na to, ali ste začetnik brez izkušenj, študent, izkušen prodajnik ali vodstveni kader – pri nas boste našli priložnost, ki ustreza vašim ambicijam. Ponujamo zaposlitev v prodaji z visokimi zaslužki, jasno karierno potjo, sodobno delovno okolje, redna izobraževanja in podporo izkušenih mentorjev.</p><p>Pridružite se uspešni prodajni ekipi, ki deluje po vsej Sloveniji in dosega izjemne rezultate. Postanite del Win Win Sales Team in odkrijte, kako daleč vas lahko pripelje kariera v prodaji. Vabimo vas, da si ogledate naša prosta delovna mesta, se prijavite in začnete svojo pot do uspeha še danes!</p>"
    },
    "about": {
      "title": "O Win Win Sales Team - Vodilno prodajno podjetje v Sloveniji",
      "content": "<p><strong>Win Win Sales Team – Zgodba uspeha slovenskega prodajnega podjetja</strong></p><p>Win Win Sales Team je vodilno slovensko podjetje, specializirano za neposredno prodajo, terensko prodajo, klicni center in telekomunikacijske storitve. Ustanovljeni smo bili z vizijo postati najboljše prodajno podjetje v Sloveniji, ki ponuja zaposlitev, razvoj kariere in finančno neodvisnost vsem, ki so pripravljeni vložiti trud in energijo v doseganje rezultatov. Naša prodajna ekipa deluje po vsej Sloveniji in sodeluje z vodilnimi slovenskimi in mednarodnimi partnerji.</p><p><strong>Naše poslanstvo in vrednote</strong></p><p>Poslanstvo Win Win Sales Team je ustvarjati okolje, kjer lahko vsak posameznik razvije svoj prodajni potencial, doseže svoje finančne cilje in gradi dolgoročno kariero v prodaji. Naše vrednote temeljijo na poštenosti, transparentnosti, timskem delu, vztrajnosti in neprestanem izboljševanju. Verjamemo, da je uspeh rezultat trdega dela, disciplinirane izvedbe in pravilne miselnosti.</p><p><strong>Naša prodajna ekipa – strokovnjaki s terena</strong></p><p>V Win Win Sales Team zaposlujemo izkušene prodajne strokovnjake, vodje ekip, team leaderje, managerje in direktorje prodaje, ki imajo bogate izkušnje s področja neposredne prodaje, B2C prodaje, B2B prodaje, telekomunikacij, marketinga in vodenja. Naši zaposleni redno sodelujejo na prodajnih izobraževanjih, konferencah in delavnicah, kjer nadgrajujejo svoje znanje in veščine.</p><p>Prodajni svetovalci Win Win so usposobljeni za delo na terenu, v nakupovalnih centrih, na promocijah, v klicnem centru in pri strankah na domu. Uporabljamo najsodobnejša CRM orodja, prodajne platforme, analitična orodja in komunikacijske sisteme, ki omogočajo učinkovito delo in spremljanje rezultatov v realnem času.</p><p><strong>Prodajni programi in usposabljanja</strong></p><p>Win Win Sales Team izvaja redne prodajne programe in usposabljanja za vse zaposlene, ne glede na njihove izkušnje. Naš program usposabljanja vključuje: prodajne tehnike, komunikacijske veščine, pogajalske strategije, upravljanje z ugovori, zaključevanje prodaje, uporabo CRM sistemov, telefonsko prodajo, terensko prodajo, vodenje prodajnih ekip in managementske veščine.</p><p>Novi zaposleni prehajajo skozi intenziven uvajalni program, ki vključuje teoretično usposabljanje, praktične vaje, spremljanje izkušenih prodajnikov in samostojno delo pod nadzorom mentorja. Po uspešno zaključenem usposabljanju prejmejo certifikat in postanejo polnopravni člani prodajne ekipe.</p><p><strong>Naše storitve – celovite prodajne rešitve</strong></p><p>Win Win Sales Team ponuja širok spekter prodajnih storitev, ki vključujejo: neposredna prodaja na terenu, promocije v nakupovalnih centrih, klicna prodaja, telemarketing, poslovna prodaja (B2B), telekomunikacijske storitve, svetovanje strankam, upravljanje odnosov s strankami (CRM) in dolgoročne partnerske odnose.</p><p>Delujemo v več segmentih: telekomunikacije (mobilni paketi, internet, televizija), energetika (prodaja elektrike in plina), zavarovalništvo, bančni produkti, Consumer products, promocijske storitve in druge B2C ter B2B storitve. Naša prodajna mreža pokriva celotno Slovenijo ter izbrane lokacije v drugih državah jugovzhodne Evrope.</p><p><strong>Partnerstva in sodelovanja</strong></p><p>Win Win Sales Team sodeluje z vodilnimi slovenskimi in mednarodnimi podjetji, ki nam zaupajo zastopanje njihovih izdelkov in storitev na slovenskem trgu. Naši partnerji prihajajo iz različnih panog: telekomunikacije, energetika, bančništvo, zavarovalništvo, maloprodaja, tehnologija in storitve. Dolgoročna partnerstva temeljijo na zaupanju, transparentnosti, doseganju dogovorjenih ciljev in vzajemnem spoštovanju.</p><p>Zahvaljujoč močnim partnerstviljem lahko zaposlenim ponujamo raznolik portfelj produktov, stabilnost zaposlitve, redne zaslužke in možnosti za rast. Naši prodajniki imajo dostop do ekskluzivnih ponudb, promocijskih akcij in bonusnih programov, ki jih ponujajo naši partnerji.</p><p><strong>Tehnologija in orodja za uspešno prodajo</strong></p><p>Win Win Sales Team uporablja najsodobnejšo tehnologijo za podporo prodajnim procesom. Zaposleni imajo dostop do mobilnih CRM aplikacij, ki omogočajo upravljanje strank, sledenje prodajnim aktivnostim, beleženje obiskov, spremljanje rezultatov in dostop do prodajnih materialov. Uporabljamo tudi napredne analitične sisteme za spremljanje KPI-jev, napovedovanje prodaje, segmentacijo strank in optimizacijo prodajnih strategij.</p><p>Naše pisarne so opremljene s sodobno IT infrastrukturo, VoIP telefonskilimi sistemi, video konferenčnimi orodji in ergonomsko pohištvom. Zaposleni v klicnem centru imajo na voljo profesionalne slušalke, high-speed internet, CRM platforme in avtomatizirane klicne sisteme.</p><p><strong>Kultura podjetja – okolje, ki spodbuja uspeh</strong></p><p>V Win Win Sales Team gradimo kulturo uspeha, kjer se cenijo trud, rezultati, inovativnost in timski duh. Organiziramo redne team buildinge, motivacijske dogodke, nagrade za najboljše prodajnike, letna srečanja in praznovanja uspehov. Naše vodstvo je dostopno, podpira zaposlene in aktivno sodeluje pri razvoju kariernih poti posameznikov.</p><p>Verjamemo v transparentno komunikacijo, odprto povratno informacijo in meritokratski sistem napredovanja. Vsak zaposleni ima možnost napredovati na podlagi svojih rezultatov, kompetenc in predanosti podjetju. Najboljši prodajniki postanejo vodje ekip, managerji, trenerji ali partnerji v podjetju.</p><p><strong>Karierne priložnosti in napredovanje</strong></p><p>Kariera pri Win Win Sales Team se začne kot prodajni svetovalec na terenu ali v klicnem centru. Z dokazanimi rezultati napredujete v višje pozicije: senior prodajni svetovalec, vodja prodajne ekipe (team leader), manager prodaje, regionalni manager, direktor prodaje ali partner podjetja. Vsaka pozicija prinese višje zaslužke, večjo odgovornost, vodenje večjih ekip in dostop do bonusnih programov.</p><p>Podjetje aktivno vlaga v razvoj vodstvenih kadrov in ponuja možnosti za dodatna izobraževanja, certifikate, mednarodne konference in usposabljanja pri partnerjih. Zaposleni, ki izkažejo vodstvene sposobnosti, so vključeni v mentorski program, kjer se učijo od izkušenih managerjev in direktorjev.</p><p><strong>Naše lokacije po Sloveniji</strong></p><p>Win Win Sales Team ima pisarne v največjih slovenskih mestih: Ljubljana (osrednja pisarna), Maribor, Celje, Kranj, Koper, Novo Mesto, Velenje, Nova Gorica, Murska Sobota, Ptuj in drugi kraji. Naše prodajne ekipe delujejo tudi v manjših mestih in občinah, kjer organiziramo promocijske dogodke, terensko prodajo in klicno prodajo iz centralnega klicnega centra.</p><p>Vsaka pisarna je opremljena s sodobno infrastrukturo, delovnimi prostori, sejnimi sobami, prostorom za odmor in vsemi potrebnimi orodji za učinkovito delo. Zaposleni imajo možnost dela na več lokacijah, rotacije med ekami in občasnega dela od doma za določene pozicije.</p><p><strong>Družbena odgovornost in etika</strong></p><p>Win Win Sales Team deluje v skladu z najvišjimi etičnimi standardi in spoštovanjem zakonodaje. Naša prodajna praksa je transparentna, poštena in usmerjena v zadovoljstvo strank. Zavezani smo k pravičnemu odnosu do zaposlenih, partnerjev in strank. Sodelujemo pri lokalnih dogodkih, podpiramo mlade talente, sodelujemo z izobraževalnimi ustanovami in prispevamo k razvoju lokalne skupnosti.</p><p><strong>Kako postati del Win Win Sales Team?</strong></p><p>Če želite postati del naše uspešne prodajne ekipe, obiščite našo spletno stran, si oglejte odprta delovna mesta in se prijavite na pozicijo, ki vas zanima. Sprejemamo prijave kandidatov z različnimi profili: začetnikov brez izkušenj, študentov, izkušenih prodajnikov, vodstvenih kadrov in strokovnjakov s področja prodaje, marketinga ali telekomunikacij.</p><p>Naš proces zaposlovanja je hiter, transparenten in strokoven. Po pregledu prijav vas povabimo na razgovor, kjer spoznate našo ekipo, kulturo podjetja in možnosti razvoja. Uspešni kandidati prehajajo skozi usposabljanje in začnejo kariero v prodaji z našo podporo in mentorstvom.</p><p><strong>Pridružite se zmagovalni ekipi</strong></p><p>Win Win Sales Team je več kot podjetje – je skupnost ambicioznih posameznikov, ki delijo skupne vrednote in cilje. Če želite graditi uspešno kariero v prodaji, doseči finančno neodvisnost, razviti svoje veščine in postati del najboljše prodajne ekipe v Sloveniji, smo prava izbira za vas. Pridružite se nam in odkrijte, kaj pomeni zmagati skupaj!</p>"
    },
    "jobs": {
      "title": "Prosta delovna mesta v prodaji po Sloveniji",
      "content": "<p><strong>Zaposlitev v prodaji – Odkrijte prosta delovna mesta pri Win Win Sales Team</strong></p><p>Win Win Sales Team redno objavlja prosta delovna mesta za različne prodajne pozicije po vsej Sloveniji. Če iščete službo v prodaji, ki ponuja visoke zaslužke, možnosti napredovanja in dinamično delovno okolje, ste na pravem mestu. Naša podjetje zaposluje prodajnike na terenu, klicne operaterje, vodje prodajnih ekip, B2B svetovalce, promotorje, team leaderje, managerje prodaje in druge strokovnjake s področja prodaje in marketinga.</p><p><strong>Prosta delovna mesta – trenutno odprte pozicije</strong></p><p>Pri Win Win Sales Team so na voljo naslednje prodajne pozicije:</p><p><strong>1. Prodajni svetovalec na terenu (Ljubljana, Maribor, Celje, Kranj, Koper)</strong><br/>Iščemo dinamične in komunikativne posameznike za terensko prodajo telekomunikacijskih storitev. Delo vključuje obiskovanje strank na promocijskih lokacijah, v nakupovalnih centrih in drugih točkah. Nudimo: temeljito usposabljanje, visoke provizije, možnost napredovanja, delovno opremo in podporo izkušenih mentorjev. Primerno za začetnike in izkušene prodajnike.</p><p><strong>2. Klicni operater / Telefonski prodajnik (Ljubljana, Maribor)</strong><br/>Za delo v našem klicnem centru iščemo prodajnike z dobrimi komunikacijskimi sposobnostmi in naravnanostjo k rezultatom. Delo vključuje odhodne klice strankam, predstavitev ponudb, svetovanje in sklepanje pogodb po telefonu. Nudimo: fiksno plačo + provizije, fleksibilne delovne urnike, možnost dela od doma, usposabljanje, CRM orodja. Primerno za študente, začetnike in izkušene.</p><p><strong>3. Vodja prodajne ekipe / Team Leader (Ljubljana, Maribor, Celje)</strong><br/>Iščemo izkušene prodajne strokovnjake z vodstvenimi sposobnostmi za vodenje prodajnih ekip. Naloge vključujejo: vodenje ekipe 5-10 prodajnikov, coaching, spremljanje rezultatov, implementacija prodajnih strategij, motivacija ekipe. Nudimo: višjo osnovno plačo, bonuse za rezultate ekipe, avtomobilsko nadomestilo, izobraževanja, jasno karierno pot. Zahtevane so izkušnje v prodaji in vodenju.</p><p><strong>4. B2B prodajni svetovalec (vsa Slovenija)</strong><br/>Za poslovno prodajo iščemo izkušene prodajnike, ki bodo skrbeli za pridobivanje novih poslovnih strank, gradnjo odnosov s podjetji in prodajo telekom rešitev za podjetja. Delo vključuje: sestanke s poslovnimi strankami, pripravo ponudb, pogajanja, sklepanje večjih pogodb. Nudimo: visoke provizije za B2B posle, službeni avtomobil, nadomestilo za stroške, dostop do poslovnih strank, podporo back-office ekipe.</p><p><strong>5. Promotor / Promotorka (nakupovalni centri po Sloveniji)</strong><br/>Za promocijske aktivnosti v nakupovalnih centrih iščemo promotorje za predstavitev telekom ponudb strankam. Delo vključuje: stojnice v nakupovalnih centrih, neposreden stik s strankami, svetovanje, sklepanje pogodb. Nudimo: fleksibilne delovne urnike, delo ob vikendih, privlačne provizije, usposabljanje, promocijski material. Primerno za študente, dijake (s starostjo 18+), začetnike.</p><p><strong>6. Manager prodaje (Ljubljana)</strong><br/>Za vodenje večjih prodajnih enot iščemo izkušenega managerja prodaje z dokazljivimi rezultati. Odgovornosti vključujejo: vodenje več prodajnih ekip, strategija prodaje, načrtovanje, analiza rezultatov, poročanje vodstvu, razvoj novih prodajnih kanalov. Nudimo: vodstveno plačo, bonuse, službenli avtomobil, možnost partnerstva v podjetju, dostop do top managementa.</p><p><strong>7. Trener prodaje / Sales Coach (Ljubljana, Maribor)</strong><br/>Iščemo strokovnjaka za usposabljanje prodajnih ekip. Naloge: izvajanje prodajnih treningov, coaching, priprava učnih materialov, spremljanje napredka, razvoj prodajnih programov. Zahtevane so izkušnje v prodaji, trenerske sposobnosti, komunikacijske veščine. Nudimo: fiksno plačo, bonuse, dinamično okolje, možnost sodelovanja na projektih.</p><p><strong>8. Študentsko delo v prodaji (Ljubljana, Maribor, Celje, Kranj)</strong><br/>Za študente, ki želijo delati ob študiju, ponujamo študentsko delo v prodaji na terenu ali v klicnem centru. Delo vključuje: fleksibilne urnike (popoldne, vikendi), usposabljanje, priložnost za zaslužek, pridobitev delovnih izkušenj. Primerno za študente vseh smeri, ki želijo razvijati prodajne in komunikacijske veščine.</p><p><strong>Kako se prijaviti na prosta delovna mesta?</strong></p><p>Prijava na delovno mesto pri Win Win Sales Team je enostavna. Obiščite našo spletno stran, izberite pozicijo, ki vas zanima, in izpolnite prijavni obrazec. Priložite življenjepis (CV) in kratek motivacijsko pismo, kjer opišete, zakaj želite delati v prodaji in kaj lahko prinesete v našo ekipo.</p><p>Po oddaji prijave bo naš kadrovska ekipa pregledala vašo prijavo in vas v primeru ustreznosti povabila na razgovor. Razgovor lahko poteka osebno v naši pisarni ali prek video klica, odvisno od vaše lokacije in pozicije, na katero se prijavljate.</p><p><strong>Kaj pričakovati na razgovoru za službo v prodaji?</strong></p><p>Razgovor za zaposlitev pri Win Win Sales Team poteka v sproščenem in prijaznem vzdušju. Namen razgovora je spoznati vas, vaše ambicije, motivacijo in ugotoviti, ali ste primerni za delo v naši prodajni ekipi. Razgovor običajno vključuje: predstavitev podjetja, vaša predstavitev, vprašanja o vaših izkušnjah, motivaciji za delo v prodaji, scenariji prodajnih situacij in odgovori na vaša vprašanja.</p><p>Po uspešno opravljenem razgovoru sledi ponudba za zaposlitev ali študentsko delo ter dogovor o terminu za usposabljanje. Usposabljanje traja od nekaj dni do dva tedna, odvisno od pozicije, in vključuje teorijo, praktične vaje in delo v praksi z mentorjem.</p><p><strong>Kakšne so zahteve za delo v prodaji?</strong></p><p>Zahteve za zaposlitev pri Win Win Sales Team so odvisne od pozicije, vendar pa so osnovne zahteve naslednje:<br/>- Starost najmanj 18 let<br/>- Dobro znanje slovenskega jezika (materinščina ali odlično znanje)<br/>- Komunikativnost, samozavest, motiviranost<br/>- Naravnanost k rezultatom in ciljem<br/>- Pripravljenost na delo na terenu, v klicnem centru ali v pisarni<br/>- Rednost, zanesljivost, timski igralec</p><p>Za nekatere pozicije (team leader, manager, B2B) so zahtevane tudi izkušnje v prodaji, vodenju ali poslovnem okolju. Za začetne pozicije (prodajni svetovalec, klicni operater, promotor) izkušnje niso potrebne – nudimo temeljito usposabljanje.</p><p><strong>Zakaj izbrati kariero v prodaji pri Win Win Sales Team?</strong></p><p>Kariera v prodaji pri Win Win Sales Team ponuja številne prednosti:<br/>- Visoki zaslužki: provizijski sistem omogoča mesečne dohodke od 1.500 do 3.500 EUR neto<br/>- Hitro napredovanje: od prodajnika do vodje ekipe v 6-12 mesecih<br/>- Temeljito usposabljanje: prodajne tehnike, komunikacija, CRM orodja<br/>- Dinamično okolje: delo s strankami, timsko delo, motivacijski dogodki<br/>- Fleksibilnost: možnost izbire delovnih ur, lokacij, pozicij<br/>- Stabilnost: delo z vodilnimi partnerji, dolgoročne zaposlitve, pravna varnost<br/>- Razvoj kariere: jasna karierna pot, mentorstvo, izobraževanja<br/>- Dodatki: bonusi, nagrade, tekmovanja, team buildingi, priznanja</p><p><strong>Prodajna kariera za študente – študentsko delo z visokimi zaslužki</strong></p><p>Win Win Sales Team je odlična izbira za študente, ki želijo ob študiju opravljati študentsko delo v prodaji. Nudimo fleksibilne urnike, ki so prilagojeni študijskim obveznostim, možnost dela v popoldanskem času, ob vikendih ali med počitnicami. Študenti pri nas pridobijo dragocene delovne izkušnje, razvijejo komunikacijske in prodajne veščine ter zaslužijo več kot pri običajnih študentskih delih (dostava hrane, delo v trgovini, hostesa).</p><p>Mnogi naši uspešni team leaderji in managerji so začeli svojo kariero kot študentsko delo pri Win Win. Po končanem študiju so se zaposlili pri nas za polni delovni čas in gradijo dolgoročno kariero v prodaji.</p><p><strong>Zaposlitev brez izkušenj – začnite kariero pri nas</strong></p><p>Če nimate izkušenj v prodaji, ni problema. Win Win Sales Team ponuja službe v prodaji za začetnike brez izkušenj. Naš program usposabljanja je zasnovan tako, da boste hitro osvojili prodajne tehnike, komunikacijske veščine, uporabo CRM orodij, telefonsko prodajo, delo na terenu in vse druge spretnosti, potrebne za uspešno delo v prodaji.</p><p>Vsi novi zaposleni so deležni mentorstva izkušenih prodajnikov in vodij, ki jih vodijo skozi prve tedne dela, jim pomagajo pri prvih prodajah in jih spodbujajo k doseganju rezultatov. S pravim pristopom in motivacijo lahko tudi začetniki brez izkušenj hitro postanejo uspešni prodajniki z visokimi zaslužki.</p><p><strong>Zaposlitev za izkušene prodajnike – napredujte v vodstvene pozicije</strong></p><p>Če ste izkušen prodajnik, ki išče nove izzive, višje zaslužke in možnosti napredovanja v vodstvene pozicije, je Win Win Sales Team prava izbira. Ponujamo pozicije team leaderjev, managerjev prodaje, trenerjev, B2B svetovalcev in drugih vodstvenih vlog, kjer lahko s svojimi izkušnjami pripevate k uspešnosti podjetja in razvoju prodajnih ekip.</p><p>Izkušeni prodajniki pri Win Win imajo dostop do večjih projektov, poslovnih strank, bonusnih programov in možnost partnerstva v podjetju. Cenimo izkušnje, znanje in rezultate ter nudimo konkurenčne pogoje zaposlitve.</p><p><strong>Karierne zgodbe – spoznajte naše najboljše prodajnike</strong></p><p>Mnogi naši zaposleni so začeli kot prodajni svetovalci brez izkušenj in danes vodijo svoje prodajne ekipe, dosegajo mesečne zaslužke preko 3.000 EUR in uživajo v uspešni karieri v prodaji. Njihove zgodbe so navdih za nove zaposlene in dokazujejo, da je pri Win Win Sales Team mogoče doseči izjemne rezultate, če ste pripravljeni vložiti trud, biti vztrajni in slediti prodajnim procesom.</p><p><strong>Prijavite se danes in začnite svojo kariero v prodaji!</strong></p><p>Ne čakajte več – prosta delovna mesta v prodaji pri Win Win Sales Team so na voljo že danes. Obiščite našo spletno stran, si oglejte odprte pozicije, izberite tisto, ki ustreza vašim ambicijam, in se prijavite. Vaša pot do uspešne kariere v prodaji se začne tukaj. Postanite del zmagovalne ekipe Win Win Sales Team in odkrijte, kako daleč vas lahko pripelje kariera v prodaji!</p>"
    },
    "insights": {
      "title": "Nasveti za uspešno prodajo in karierni razvoj",
      "content": "<p><strong>Prodajni nasveti, strategije in vpogledi za uspeh v prodaji</strong></p><p>Win Win Sales Team deli strokovne prodajne nasvete, strategije, tehnike in vpoglede s področja neposredne prodaje, terenskega marketinga, klicne prodaje, B2B prodaje in razvoja kariere v prodaji. V našem blogu najdete koristne članke, ki vam bodo pomagali izboljšati prodajne veščine, povečati zaslužke, napredovati v vodstvene pozicije in postati uspešen prodajnik v Sloveniji.</p><p><strong>Kako postati uspešen prodajnik – ključne veščine in lastnosti</strong></p><p>Uspešen prodajnik ima razvite specifične veščine in osebnostne lastnosti, ki mu omogočajo doseganje nadpovprečnih rezultatov. Med najpomembnejše spadajo: odlične komunikacijske sposobnosti, aktivno poslušanje, empatija, samozavest, vztrajnost, naravnanost k ciljem, prilagodljivost, pozitiven odnos, sposobnost reševanja problemov in visoka motiviranost.</p><p>Poleg osebnostnih lastnosti so pomembne tudi tehnične veščine: poznavanje prodajnih tehnik (SPIN selling, consultative selling, solution selling), obvladovanje prodajnih orodij (CRM sistemi, analitika), uporaba digitalnih kanalov (email, LinkedIn, social selling), telefonska prodaja, pogajalske sposobnosti in sposobnost zaključevanja poslov.</p><p>Win Win Sales Team ponuja redna usposabljanja, kjer zaposleni razvijajo vse te veščine in se učijo najboljših praks iz sveta prodaje. Naši prodajniki imajo dostop do mentorjev, trenerjev in izobraževalnih materialov, ki jim pomagajo nenehno napredovati.</p><p><strong>Prodajne tehnike, ki delujejo v Sloveniji – od pristopa do zaključka</strong></p><p>Uspešna prodaja temelji na strukturiranem procesu, ki vključuje več faz: pridobivanje kontaktov (lead generation), prvi stik, identifikacija potreb, predstavitev rešitve, obvladovanje ugovorov, pogajanja in zaključevanje prodaje. Vsaka faza zahteva specifične tehnike in pristope.</p><p><strong>1. Prvi pristop in vzpostavitev stika</strong><br/>Prvi vtis je ključen. Pri neposredni prodaji na terenu ali promocijah je pomemben samozavestni nastop, nasmeh, očesni stik in prijazna pozdrav. Pri telefonski prodaji je ključen ton glasu, jasnost govora in takoj ujet interes sogovornika. Pomembno je, da že v prvih sekundah vzbudite zaupanje in zanimanje stranke.</p><p><strong>2. Identifikacija potreb – vprašanja so vaša moč</strong><br/>Najboljši prodajniki ne govorijo neprestano – oni sprašujejo in poslušajo. Z odprtimi vprašanji odkrijete, kaj stranka potrebuje, kakšne so njene težave, kaj pričakuje in kako ji lahko pomagate. Tehnike kot so SPIN selling (Situation, Problem, Implication, Need-payoff) so izjemno učinkovite pri odkrivanju prave potrebe stranke.</p><p><strong>3. Predstavitev rešitve – prodajate koristi, ne lastnosti</strong><br/>Stranke ne zanimajo tehnične specifikacije produkta – zanimajo jih koristi, ki jih bodo imele. Namesto \"Ta mobilni paket ima 50 GB podatkov\" rečite \"Z 50 GB ne boste nikoli več imeli skrbi, da vam zmanjka interneta – lahko gledate filme, poslušate glasbo in brskate brez omejitev.\" Predstavitev mora biti prilagojena potrebam stranke.</p><p><strong>4. Obvladovanje ugovorov – ugovori so priložnosti</strong><br/>Vsak prodajnik se srečuje z ugovori: \"Je predrago\", \"Moram razmisliti\", \"Sem že pri drugi ponudbi\". Ugovori niso zavrnitev – so priložnost za dodatno pojasnilo. Tehnike obvladovanja ugovorov vključujejo: empatijo (razumem vaše pomisleke), vprašanje za dodatno informacijo (kaj vas najbolj skrbi?) in ponudbo rešitve (dovoljte, da vam pokažem...).</p><p><strong>5. Zaključevanje prodaje – brez strahu pred zaključkom</strong><br/>Mnogi prodajniki odlično predstavijo produkt, vendar ne uspejo zaključiti prodaje. Zaključevanje zahteva samozavest in pravi trenutek. Tehnike zaključevanja vključujejo: alternativno vprašanje (\"Ali vam bolj ustreza paket A ali B?\"), poskusno zaključevanje (\"Če se strinjamo s pogoji, ali lahko nadaljujemo?\"), ali direktno zaključevanje (\"Odlično, podpišimo pogodbo\").</p><p><strong>Kako povečati prodajo v klicnem centru – telefonska prodaja, ki dela</strong></p><p>Telefonska prodaja je veščina, ki zahteva posebne tehnike. Pri klicanju strank je ključno: uporaba skripta (vendar ne branje), jasen in samozavestni ton glasu, hitro ujemanje zanimanja (prvi 10 sekund je ključnih), uporaba imena stranke, poslušanje in prilagajanje, obvladovanje ugovorov in jasno vodenje proti zaključku.</p><p>Uspešni klicni operaterji dosegajo visoke stopnje konverzije z uporabo CRM orodij, ki jim omogočajo sledenje klicov, beleženje informacij, planiranje ponovno klicov in analizo uspešnosti. V Win Win Sales Team uporabljamo najsodobnejše klicne platforme, ki optimizirajo delo in povečujejo prodajne rezultate.</p><p><strong>B2B prodaja – kako prodajati podjetjem in večjim strankam</strong></p><p>Poslovna prodaja (B2B) se razlikuje od prodaje končnim potrošnikom (B2C). Pri B2B prodaji so prodajni cikli daljši, vključenih je več odločevalcev, posli so večji in zahtevajo profesionalen pristop. Ključni elementi uspešne B2B prodaje vključujejo: temeljito raziskavo podjetja, razumevanje njihove panoge in izzivov, pripravo personalizirane ponudbe, gradnjo zaupanja z odločevalci, pogajanje na ravni vrednosti (ne cene) in dolgoročno partnerstvo.</p><p>B2B prodajniki Win Win Sales Team delajo z večjimi slovenskimi podjetji in ponujajo telekomunikacijske rešitve, korporativne pakete in profesionalne storitve. Usposobljeni so za kompleksna pogajanja, pripravo ponudb in vodenje večfaznih prodajnih procesov.</p><p><strong>Kako napredovati v prodaji – od prodajnika do managerja</strong></p><p>Kariera v prodaji ponuja jasno pot napredovanja. Začnete kot prodajni svetovalec, kjer se osredotočate na doseganje osebnih rezultatov. Z dokazanimi rezultati, vodstvenimi sposobnostmi in ambicioznostjo napredujete v vodjo ekipe (team leader), kjer vodite manjšo skupino prodajnikov, jih trenirate in motivirate.</p><p>Naslednji korak je manager prodaje, ki vodi več ekip, načrtuje prodajne strategije, analizira rezultate in poroča vodstvu. Vrhunec prodajne kariere so pozicije kot regionalni direktor, direktor prodaje ali partner v podjetju, kjer imate odgovornost za celotno prodajno funkcijo, strateške odločitve in poslovne rezultate.</p><p>Win Win Sales Team aktivno podpira notranji razvoj talentov in promovira zaposlene na podlagi njihovih rezultatov in kompetenc. Vsako leto več kot 20% naših prodajnikov napreduje v višje pozicije.</p><p><strong>Prodajne strategije za slovensko trg – kaj deluje pri slovenskih strankah</strong></p><p>Slovenske stranke cenijo poštenost, transparentnost, kakovost in osebni pristop. Pri prodaji na slovenskem trgu je pomembno, da: gradite zaupanje, ne obljubljate preveč, ponudite jasne informacije, spoštujete stranko, ponudite vrednost za denar in zagotovite posvelprodajno podporo.</p><p>Slovenski trg je majhen in stranke cenijo priporočila, odnose in dolgoročna partnerstva. Najboljši prodajniki v Sloveniji gradijo svojo mrežo strank, skrbijo za obstoječe stranke in aktivno prosijo za priporočila. Zadovoljna stranka je najboljši vir novih strank.</p><p><strong>Uporaba CRM orodij v prodaji – zakaj je tehnologija ključna</strong></p><p>Sodobna prodaja temelji na uporabi CRM (Customer Relationship Management) sistemov, ki omogočajo upravljanje kontaktov, sledenje prodajnim aktivnostim, analizo rezultatov in avtomatizacijo procesov. Prodajniki, ki uporabljajo CRM, dosegajo za 30-50% boljše rezultate kot tisti, ki delajo brez tehnologije.</p><p>Win Win Sales Team uporablja napredne CRM platforme, mobilne aplikacije, analitična orodja in integracije z drugimi sistemi, kar zaposlenim omogoča učinkovito delo, pregled nad rezultati v realnem času in hitro odzivanje na priložnosti.</p><p><strong>Motivacija v prodaji – kako ostati motiviran dolgoročno</strong></p><p>Prodaja je zahtevna poklic, ki prinaša vzpone in padce. Najboljši prodajniki ostanejo motivirani z jasnimi cilji, vizualizacijo uspeha, rednim spremljanjem rezultatov, učenjem iz neuspehov, delom v podpornem okolju in praznovanje uspehov. Pomembna je tudi notranja motivacija – zakaj delate, kakšne so vaše ambicije, kaj želite doseči.</p><p>V Win Win Sales Team skrbimo za motivacijo zaposlenih z rednimi teambuildingi, motivacijskimi dogodki, nagradami za najboljše prodajnike, bonusi, priznami in podporo vodstva. Naša kultura temelji na spodbujanju, ne na kritiziranju.</p><p><strong>Prihodnost prodaje v Sloveniji – trendi in priložnosti</strong></p><p>Prodajna industrija se hitro razvija. Digitalizacija, uporaba umetne inteligence, avtomatizacija, social selling, video prodaja in hibridni prodajni modeli postajajo del sodobne prodaje. Vendar pa neposredni stik s stranko, osebni pristop in gradnja zaupanja ostajajo ključni, posebej na slovenskem trgu.</p><p>Win Win Sales Team aktivno spremlja trende, investira v nove tehnologije, šola zaposlene za digitalne kanale in razvija hibridne prodajne modele, ki kombinirajo klasično neposredno prodajo z digitalnimi orodji. Prihodnost prodaje je v povezovanju najboljšega iz obeh svetov.</p><p><strong>Zaključek – postanite prodajni strokovnjak z Win Win Sales Team</strong></p><p>Če želite razviti prodajne veščine, napredovati v karieri, povečati svoje zaslužke in postati uspešen prodajnik v Sloveniji, je Win Win Sales Team pravo mesto za vas. Ponujamo usposabljanja, mentorstvo, dostop do najboljših praks, sodobna orodja in podporno okolje, kjer lahko dosežete svoj polni potencial. Pridružite se nam in odkrijte svet uspešne prodaje!</p>"
    }
  }
}
